token_name,default_value,source_file,tier,formula,namespace,category,concept,property,component,element,variant,state,scale,mode,collisions
$system-z-index-0,0,_properties.scss,system,namespace.category.scale,system,z-index,,,,,,,0,,
$system-z-index-100,100,_properties.scss,system,namespace.category.scale,system,z-index,,,,,,,100,,
$system-z-index-200,200,_properties.scss,system,namespace.category.scale,system,z-index,,,,,,,200,,
$system-z-index-300,300,_properties.scss,system,namespace.category.scale,system,z-index,,,,,,,300,,
$system-z-index-400,400,_properties.scss,system,namespace.category.scale,system,z-index,,,,,,,400,,
$system-z-index-500,500,_properties.scss,system,namespace.category.scale,system,z-index,,,,,,,500,,
$system-z-index-auto,auto,_properties.scss,system,namespace.category,system,z-index,,,,,,,,,
$system-z-index-bottom,-100,_properties.scss,system,namespace.category.property,system,z-index,,bottom,,,,,,,
$system-z-index-top,99999,_properties.scss,system,namespace.category.property,system,z-index,,top,,,,,,,
$system-opacity-0,0,_properties.scss,system,namespace.category.scale,system,opacity,,,,,,,0,,
$system-opacity-10,0.1,_properties.scss,system,namespace.category.scale,system,opacity,,,,,,,10,,
$system-opacity-20,0.2,_properties.scss,system,namespace.category.scale,system,opacity,,,,,,,20,,
$system-opacity-30,0.3,_properties.scss,system,namespace.category.scale,system,opacity,,,,,,,30,,
$system-opacity-40,0.4,_properties.scss,system,namespace.category.scale,system,opacity,,,,,,,40,,
$system-opacity-50,0.5,_properties.scss,system,namespace.category.scale,system,opacity,,,,,,,50,,
$system-opacity-60,0.6,_properties.scss,system,namespace.category.scale,system,opacity,,,,,,,60,,
$system-opacity-70,0.7,_properties.scss,system,namespace.category.scale,system,opacity,,,,,,,70,,
$system-opacity-80,0.8,_properties.scss,system,namespace.category.scale,system,opacity,,,,,,,80,,
$system-opacity-90,0.9,_properties.scss,system,namespace.category.scale,system,opacity,,,,,,,90,,
$system-opacity-100,1,_properties.scss,system,namespace.category.scale,system,opacity,,,,,,,100,,
$system-box-shadow-1,"0 1px 0.25rem 0 rgba(0, 0, 0, 0.1)",_properties.scss,system,namespace.category.scale,system,shadow,,,,,,,1,,
$system-box-shadow-2,"0 0.25rem 0.5rem 0 rgba(0, 0, 0, 0.1)",_properties.scss,system,namespace.category.scale,system,shadow,,,,,,,2,,
$system-box-shadow-3,"0 0.5rem 1rem 0 rgba(0, 0, 0, 0.1)",_properties.scss,system,namespace.category.scale,system,shadow,,,,,,,3,,
$system-box-shadow-4,"0 0.75rem 1.5rem 0 rgba(0, 0, 0, 0.1)",_properties.scss,system,namespace.category.scale,system,shadow,,,,,,,4,,
$system-box-shadow-5,"0 1rem 2rem 0 rgba(0, 0, 0, 0.1)",_properties.scss,system,namespace.category.scale,system,shadow,,,,,,,5,,
$system-box-shadow-none,none,_properties.scss,system,namespace.category,system,shadow,,,,,,,,,
$system-order-0,0,_properties.scss,system,namespace.category.scale,system,order,,,,,,,0,,
$system-order-1,1,_properties.scss,system,namespace.category.scale,system,order,,,,,,,1,,
$system-order-2,2,_properties.scss,system,namespace.category.scale,system,order,,,,,,,2,,
$system-order-3,3,_properties.scss,system,namespace.category.scale,system,order,,,,,,,3,,
$system-order-4,4,_properties.scss,system,namespace.category.scale,system,order,,,,,,,4,,
$system-order-5,5,_properties.scss,system,namespace.category.scale,system,order,,,,,,,5,,
$system-order-6,6,_properties.scss,system,namespace.category.scale,system,order,,,,,,,6,,
$system-order-7,7,_properties.scss,system,namespace.category.scale,system,order,,,,,,,7,,
$system-order-8,8,_properties.scss,system,namespace.category.scale,system,order,,,,,,,8,,
$system-order-9,9,_properties.scss,system,namespace.category.scale,system,order,,,,,,,9,,
$system-order-10,10,_properties.scss,system,namespace.category.scale,system,order,,,,,,,10,,
$system-order-11,11,_properties.scss,system,namespace.category.scale,system,order,,,,,,,11,,
$system-order-first,-1,_properties.scss,system,namespace.category,system,order,,,,,,,,,
$system-order-last,999,_properties.scss,system,namespace.category,system,order,,,,,,,,,
$system-order-initial,initial,_properties.scss,system,namespace.category,system,order,,,,,,,,,
$system-flex-1,1 1 0%,_properties.scss,system,namespace.category.scale,system,flex,,,,,,,1,,
$system-flex-2,2 1 0%,_properties.scss,system,namespace.category.scale,system,flex,,,,,,,2,,
$system-flex-3,3 1 0%,_properties.scss,system,namespace.category.scale,system,flex,,,,,,,3,,
$system-flex-4,4 1 0%,_properties.scss,system,namespace.category.scale,system,flex,,,,,,,4,,
$system-flex-5,5 1 0%,_properties.scss,system,namespace.category.scale,system,flex,,,,,,,5,,
$system-flex-6,6 1 0%,_properties.scss,system,namespace.category.scale,system,flex,,,,,,,6,,
$system-flex-7,7 1 0%,_properties.scss,system,namespace.category.scale,system,flex,,,,,,,7,,
$system-flex-8,8 1 0%,_properties.scss,system,namespace.category.scale,system,flex,,,,,,,8,,
$system-flex-9,9 1 0%,_properties.scss,system,namespace.category.scale,system,flex,,,,,,,9,,
$system-flex-10,10 1 0%,_properties.scss,system,namespace.category.scale,system,flex,,,,,,,10,,
$system-flex-11,11 1 0%,_properties.scss,system,namespace.category.scale,system,flex,,,,,,,11,,
$system-flex-12,12 1 0%,_properties.scss,system,namespace.category.scale,system,flex,,,,,,,12,,
$system-flex-fill,1 1 0%,_properties.scss,system,namespace.category,system,flex,,,,,,,,,
$system-flex-auto,0 1 auto,_properties.scss,system,namespace.category,system,flex,,,,,,,,,
$system-flex-direction-row,row,_properties.scss,system,namespace.category,system,flex-direction,,,,,,,,,
$system-flex-direction-column,column,_properties.scss,system,namespace.category,system,flex-direction,,,,,,,,,
$system-flex-wrap-wrap,wrap,_properties.scss,system,namespace.category,system,flex-wrap,,,,,,,,,
$system-flex-wrap-no-wrap,nowrap,_properties.scss,system,namespace.category,system,flex-wrap,,,,,,,,,
$system-gap-0,0,_properties.scss,system,namespace.category.scale,system,gap,,,,,,,0,,gap:category/property
$system-gap-1,1,_properties.scss,system,namespace.category.scale,system,gap,,,,,,,1,,gap:category/property
$system-gap-2,2,_properties.scss,system,namespace.category.scale,system,gap,,,,,,,2,,gap:category/property
$system-gap-3,3,_properties.scss,system,namespace.category.scale,system,gap,,,,,,,3,,gap:category/property
$system-gap-4,4,_properties.scss,system,namespace.category.scale,system,gap,,,,,,,4,,gap:category/property
$system-gap-5,5,_properties.scss,system,namespace.category.scale,system,gap,,,,,,,5,,gap:category/property
$system-gap-6,6,_properties.scss,system,namespace.category.scale,system,gap,,,,,,,6,,gap:category/property
$system-gap-2px,2px,_properties.scss,system,namespace.category.scale,system,gap,,,,,,,2px,,gap:category/property; 2px:scale/scale
$system-gap-05,05,_properties.scss,system,namespace.category.scale,system,gap,,,,,,,05,,gap:category/property
$system-gap-sm,2px,_properties.scss,system,namespace.category.variant,system,gap,,,,,sm,,,,gap:category/property
$system-gap-md,2,_properties.scss,system,namespace.category.variant,system,gap,,,,,md,,,,gap:category/property
$system-gap-lg,3,_properties.scss,system,namespace.category.variant,system,gap,,,,,lg,,,,gap:category/property
$system-letter-spacing-ls-auto,initial,_properties.scss,system,namespace.category,system,letter-spacing,,,,,,,,,
$system-letter-spacing-ls-neg-3,-0.03em,_properties.scss,system,namespace.category.scale,system,letter-spacing,,,,,,,3,,
$system-letter-spacing-ls-neg-2,-0.02em,_properties.scss,system,namespace.category.scale,system,letter-spacing,,,,,,,2,,
$system-letter-spacing-ls-neg-1,-0.01em,_properties.scss,system,namespace.category.scale,system,letter-spacing,,,,,,,1,,
$system-letter-spacing-ls-1,0.025em,_properties.scss,system,namespace.category.scale,system,letter-spacing,,,,,,,1,,
$system-letter-spacing-ls-2,0.1em,_properties.scss,system,namespace.category.scale,system,letter-spacing,,,,,,,2,,
$system-letter-spacing-ls-3,0.15em,_properties.scss,system,namespace.category.scale,system,letter-spacing,,,,,,,3,,
$system-line-height-sans-1,0.9,_properties.scss,system,namespace.property.scale,system,,,line-height,,,,,1,,
$system-line-height-sans-2,1.1,_properties.scss,system,namespace.property.scale,system,,,line-height,,,,,2,,
$system-line-height-sans-3,1.3,_properties.scss,system,namespace.property.scale,system,,,line-height,,,,,3,,
$system-line-height-sans-4,1.4,_properties.scss,system,namespace.property.scale,system,,,line-height,,,,,4,,
$system-line-height-sans-5,1.5,_properties.scss,system,namespace.property.scale,system,,,line-height,,,,,5,,
$system-line-height-sans-6,1.6,_properties.scss,system,namespace.property.scale,system,,,line-height,,,,,6,,
$system-line-height-serif-1,1,_properties.scss,system,namespace.property.scale,system,,,line-height,,,,,1,,
$system-line-height-serif-2,1.2,_properties.scss,system,namespace.property.scale,system,,,line-height,,,,,2,,
$system-line-height-serif-3,1.4,_properties.scss,system,namespace.property.scale,system,,,line-height,,,,,3,,
$system-line-height-serif-4,1.5,_properties.scss,system,namespace.property.scale,system,,,line-height,,,,,4,,
$system-line-height-serif-5,1.7,_properties.scss,system,namespace.property.scale,system,,,line-height,,,,,5,,
$system-line-height-serif-6,1.8,_properties.scss,system,namespace.property.scale,system,,,line-height,,,,,6,,
$system-line-height-mono-1,1,_properties.scss,system,namespace.property.scale,system,,,line-height,,,,,1,,
$system-line-height-mono-2,1.3,_properties.scss,system,namespace.property.scale,system,,,line-height,,,,,2,,
$system-line-height-mono-3,1.4,_properties.scss,system,namespace.property.scale,system,,,line-height,,,,,3,,
$system-line-height-mono-4,1.6,_properties.scss,system,namespace.property.scale,system,,,line-height,,,,,4,,
$system-line-height-mono-5,1.7,_properties.scss,system,namespace.property.scale,system,,,line-height,,,,,5,,
$system-line-height-mono-6,1.8,_properties.scss,system,namespace.property.scale,system,,,line-height,,,,,6,,
$system-line-height-cond-1,false,_properties.scss,system,namespace.property.scale,system,,,line-height,,,,,1,,
$system-line-height-cond-2,false,_properties.scss,system,namespace.property.scale,system,,,line-height,,,,,2,,
$system-line-height-cond-3,false,_properties.scss,system,namespace.property.scale,system,,,line-height,,,,,3,,
$system-line-height-cond-4,false,_properties.scss,system,namespace.property.scale,system,,,line-height,,,,,4,,
$system-line-height-cond-5,false,_properties.scss,system,namespace.property.scale,system,,,line-height,,,,,5,,
$system-line-height-cond-6,false,_properties.scss,system,namespace.property.scale,system,,,line-height,,,,,6,,
$system-line-height-heading-1,1,_properties.scss,system,namespace.category.property.scale,system,heading,,line-height,,,,,1,,heading:category/concept
$system-line-height-heading-2,1.2,_properties.scss,system,namespace.category.property.scale,system,heading,,line-height,,,,,2,,heading:category/concept
$system-line-height-heading-3,1.4,_properties.scss,system,namespace.category.property.scale,system,heading,,line-height,,,,,3,,heading:category/concept
$system-line-height-heading-4,1.5,_properties.scss,system,namespace.category.property.scale,system,heading,,line-height,,,,,4,,heading:category/concept
$system-line-height-heading-5,1.7,_properties.scss,system,namespace.category.property.scale,system,heading,,line-height,,,,,5,,heading:category/concept
$system-line-height-heading-6,1.8,_properties.scss,system,namespace.category.property.scale,system,heading,,line-height,,,,,6,,heading:category/concept
$system-line-height-ui-1,0.9,_properties.scss,system,namespace.concept.property.scale,system,,ui,line-height,,,,,1,,
$system-line-height-ui-2,1.1,_properties.scss,system,namespace.concept.property.scale,system,,ui,line-height,,,,,2,,
$system-line-height-ui-3,1.3,_properties.scss,system,namespace.concept.property.scale,system,,ui,line-height,,,,,3,,
$system-line-height-ui-4,1.4,_properties.scss,system,namespace.concept.property.scale,system,,ui,line-height,,,,,4,,
$system-line-height-ui-5,1.5,_properties.scss,system,namespace.concept.property.scale,system,,ui,line-height,,,,,5,,
$system-line-height-ui-6,1.6,_properties.scss,system,namespace.concept.property.scale,system,,ui,line-height,,,,,6,,
$system-line-height-body-1,0.9,_properties.scss,system,namespace.category.property.scale,system,body,,line-height,,,,,1,,body:category/concept
$system-line-height-body-2,1.1,_properties.scss,system,namespace.category.property.scale,system,body,,line-height,,,,,2,,body:category/concept
$system-line-height-body-3,1.3,_properties.scss,system,namespace.category.property.scale,system,body,,line-height,,,,,3,,body:category/concept
$system-line-height-body-4,1.4,_properties.scss,system,namespace.category.property.scale,system,body,,line-height,,,,,4,,body:category/concept
$system-line-height-body-5,1.5,_properties.scss,system,namespace.category.property.scale,system,body,,line-height,,,,,5,,body:category/concept
$system-line-height-body-6,1.6,_properties.scss,system,namespace.category.property.scale,system,body,,line-height,,,,,6,,body:category/concept
$system-line-height-code-1,1,_properties.scss,system,namespace.concept.property.scale,system,,code,line-height,,,,,1,,
$system-line-height-code-2,1.3,_properties.scss,system,namespace.concept.property.scale,system,,code,line-height,,,,,2,,
$system-line-height-code-3,1.4,_properties.scss,system,namespace.concept.property.scale,system,,code,line-height,,,,,3,,
$system-line-height-code-4,1.6,_properties.scss,system,namespace.concept.property.scale,system,,code,line-height,,,,,4,,
$system-line-height-code-5,1.7,_properties.scss,system,namespace.concept.property.scale,system,,code,line-height,,,,,5,,
$system-line-height-code-6,1.8,_properties.scss,system,namespace.concept.property.scale,system,,code,line-height,,,,,6,,
$system-line-height-alt-1,1,_properties.scss,system,namespace.concept.property.scale,system,,alt,line-height,,,,,1,,
$system-line-height-alt-2,1.2,_properties.scss,system,namespace.concept.property.scale,system,,alt,line-height,,,,,2,,
$system-line-height-alt-3,1.4,_properties.scss,system,namespace.concept.property.scale,system,,alt,line-height,,,,,3,,
$system-line-height-alt-4,1.5,_properties.scss,system,namespace.concept.property.scale,system,,alt,line-height,,,,,4,,
$system-line-height-alt-5,1.7,_properties.scss,system,namespace.concept.property.scale,system,,alt,line-height,,,,,5,,
$system-line-height-alt-6,1.8,_properties.scss,system,namespace.concept.property.scale,system,,alt,line-height,,,,,6,,
$system-layout-grid-widths-1,8.333333333333332%,layout-grid-widths.scss,system,namespace.category.scale,system,layout,,,,,,,1,,
$system-layout-grid-widths-2,16.666666666666664%,layout-grid-widths.scss,system,namespace.category.scale,system,layout,,,,,,,2,,
$system-layout-grid-widths-3,25%,layout-grid-widths.scss,system,namespace.category.scale,system,layout,,,,,,,3,,
$system-layout-grid-widths-4,33.33333333333333%,layout-grid-widths.scss,system,namespace.category.scale,system,layout,,,,,,,4,,
$system-layout-grid-widths-5,41.66666666666667%,layout-grid-widths.scss,system,namespace.category.scale,system,layout,,,,,,,5,,
$system-layout-grid-widths-6,50%,layout-grid-widths.scss,system,namespace.category.scale,system,layout,,,,,,,6,,
$system-layout-grid-widths-7,58.333333333333336%,layout-grid-widths.scss,system,namespace.category.scale,system,layout,,,,,,,7,,
$system-layout-grid-widths-8,66.66666666666666%,layout-grid-widths.scss,system,namespace.category.scale,system,layout,,,,,,,8,,
$system-layout-grid-widths-9,75%,layout-grid-widths.scss,system,namespace.category.scale,system,layout,,,,,,,9,,
$system-layout-grid-widths-10,83.33333333333334%,layout-grid-widths.scss,system,namespace.category.scale,system,layout,,,,,,,10,,
$system-layout-grid-widths-11,91.66666666666666%,layout-grid-widths.scss,system,namespace.category.scale,system,layout,,,,,,,11,,
$system-layout-grid-widths-12,100%,layout-grid-widths.scss,system,namespace.category.scale,system,layout,,,,,,,12,,
